[
   {
      "id": "623137728525@s.whatsapp.net",
      "saldo": 0
   },
   {
      "id": "6283148278021@s.whatsapp.net",
      "saldo": 10000
   },
   {
      "id": "62895621710607@s.whatsapp.net",
      "saldo": 9999999
   },
   {
      "id": "6287810274242@s.whatsapp.net",
      "saldo": 99999999
   },
   {
      "id": "6282194277661@s.whatsapp.net",
      "saldo": 0
   },
   {
      "id": "6285299165714@s.whatsapp.net",
      "saldo": 0
   },
   {
      "id": "6283826715966@s.whatsapp.net",
      "saldo": 41600
   },
   {
      "id": "6289512422017@s.whatsapp.net",
      "saldo": 109
   },
   {
      "id": "6283183432282@s.whatsapp.net",
      "saldo": 10
   },
   {
      "id": "6281228070013@s.whatsapp.net",
      "saldo": 10
   }
]